url,label
https://www.google.com,0
https://www.wikipedia.org,0
https://www.microsoft.com,0
https://www.apple.com,0
https://www.amazon.com,0
https://www.github.com,0
https://www.python.org,0
https://www.mozilla.org,0
https://www.linkedin.com,0
https://www.youtube.com,0
https://www.example.com,0
https://www.cloudflare.com,0
https://www.ibm.com,0
https://www.adobe.com,0
https://www.nasa.gov,0
https://www.bbc.com,0
https://www.cnn.com,0
https://www.reddit.com,0
https://www.stackoverflow.com,0
https://www.dropbox.com,0
http://192.168.1.1/login/verify-account,1
http://secure-login-account-verify.example.com/login,1
http://paypal-login-verify-account.example.net/security/update,1
http://account-confirm-password.example.org/login/verify,1
http://free-bonus-wallet-login.example.com/claim/verify,1
http://bank-secure-login.example.net/account/confirm,1
http://verify-security-account.example.org/password/update,1
http://signin-account-confirm.example.com/login/secure,1
http://secure-wallet-unlock.example.net/account/verify,1
http://login-confirm-security.example.org/update/password,1
http://free-prize-account-verify.example.com/claim,1
http://192.168.0.20/secure/login/verify,1
http://account-security-verification.example.net/login,1
http://banking-login-update.example.org/verify/account,1
http://password-confirm-security.example.com/account/unlock,1
http://bonus-free-wallet.example.net/login/confirm,1
http://secure-account-update.example.org/verify/password,1
http://signin-login-verification.example.com/account,1
http://account-unlock-security.example.net/confirm/login,1
http://verify-bank-account.example.org/security/update,1
